gene,coordinate,region,fasta
TRGC1*03,804..1322,C-REGION,gataaacaacttgatgcagatgtttcccccaagcccactatttttcttccttcaattgctgaaacaaagctccagaaggctggaacatacctttgtcttcttgagaaatttttccctgatgttattaagatacattgggaagaaaagaagagcaacacgattctgggatcccaggaggggaacaccatgaagactaatgacacatacatgaaatttagctggttaacggtgccagaaaagtcactggacaaagaacacagatgtatcgtcagacatgagaataataaaaacggagttgatcaagaaattatctttcctccaataaagacagatgtcatcacaatggatcccaaagacaattgttcaaaagatgcaaatgatacactactgctgcagctcacaaacacctctgcatattacacgtacctcctcctgctcctcaagagtgtggtctattttgccatcatcacctgctgtctgcttagaagaacggctttctgctgcaatggagagaaatca
TRGC1*04,61..579,C-REGION,gataaacaacttgatgcagatgtttcccccaagcccactatttttcttccttcaattgctgaaacaaagctccagaaggctggaacatacctttgtcttcttgagaaatttttccctgatgttattaagatacattggcaagaaaagaagagcaacacgattctgggatcccaggaggggaacaccatgaagactaacgacacatacatgaaatttagctggttaacggtgccagaaaagtcactggacaaagaacacagatgtatcgtcagacatgagaataataaaaacggagttgatcaagaaattatctttcctccaataaagacggatgtcatcacaatggatcccaaagacaattgttcaaaagatgcaaatgatacactactgctgcagctcacaaacacctctgcatattacatgtacctcctcctgctcctcaagagtgtggtctattttgccatcatcacctgctgtctgcttagaagaacggctttctgctgcaatggagagaaatca
TRGC1*05,56..574,C-REGION,gataaacaacttgatgcagatgtttcccccaagcccactatttttcttccttcaattgctgaaacaaagctccagaaggctggaacatacctttgtcttcttgagaaatttttccctgatgttattaagatacattggcaagaaaagaagagcaacacgattctgggatcccaggaggggaacaccatgaagactaacgacacatacatgaaatttagctggttaacggtgccagaaaagtcactggacaaagaacacagatgtatcgtcagacatgagaataataaaaacggagttgatcaagaaattatctttcctccaataaagacagatgtcatcacagtggatcccaaagacaattgttcaaaagatgcaaatgatacactactgctgcagctcacaaacacctctgcatattacatgtacctcctcctgctcctcaagagtgtggtctattttgccatcatcacctgctgtctgcttagaagaacggctttctgctgcaatggagagaaatca
TRGC2*01,410..976,C-REGION,gataaacaacttgatgcagatgtttcccccaagcccactatttttcttccttcaattgctgaaacaaaactccagaaggctggaacatacctttgtcttcttgagaaatttttcccagatattattaagatacattggcaagaaaagaagagcaacacgattctgggatcccaggaggggaacaccatgaagactaacgacacatacatgaaatttagctggttaacggtgccagaagagtcactggacaaagaacacagatgtatcgtcagacatgagaataataaaaacggaattgatcaagaaattatctttcctccaataaagacagatgtcaccacagtggatcccaaagacagttattcaaaagatgcaaatgatgtcatcacaatggatcccaaagacaattggtcaaaagatgcaaatgatacactactgctgcagctcacaaacacctctgcatattacatgtacctcctcctgctcctcaagagtgtggtctattttgccatcatcacctgctgtctgcttggaagaacggctttctgctgcaatggagagaaatca
TRGC2*03,1..566,C-REGION,ataaacaacttgatgcagatgtttcccccaagcccactatttttcttccttcgattgctgaaacaaaactccagaaggctggaacatacctttgtcttcttgagaaatttttcccagatattattaagatacattggcaagaaaagaagagcaacacgattctgggatcccaggaggggaacaccatgaagactaacgacacatacatgaaatttagctggttaacggtgccagaagagtcactggacaaagaacacagatgtatcgtcagacatgagaataataaaaacggaattgatcaagaaattatctttcctccaataaagacagatgtcaccacagtggatcccaaatacaattattcaaaggatgcaaatgatgtcatcacaatggatcccaaagacaattggtcaaaagatgcaattgatacactactgctgcagctcacaaacacctctgcatattacatgtacctcctcctgctcctcaagagtggtgtctattttgccatcatcacctgctgtctgcttagaagaacggctttctgctgcaatggagagaaatca
TRGC2*05,1..614,C-REGION,ataaacaacttgatgcagatgtttcccccaagcccactatttttcttccttcgattgctgaaacaaaactccagaaggctggaacatatctttgtcttcttgagaaatttttcccagatattattaagatacattggcaagaaaagaagagcaacacgattctgggatcccaggaggggaacaccatgaagactaacgacacatacatgaaatttagctggttaacggtgccagaagagtcactggacaaagaacacagatgtatcgtcagacatgagaataataaaaacggaattgatcaagaaattatctttcctccaataaagacagatgtcaccacagtggatcccaaagacagttattcaaaagatgcaaatgatgtcaccacagtggatcccaaatacaattattcaaaggatgcaaatgatgtcatcacaatggatcccaaagacaattggtcaaaagatgcaaatgatacactactgctgcagctcacaaacacctctgcatattacatgtacctcctcctgctcctcaagagtgtggtctattttgccatcatcacctgctgtctgcttggaagaacggctttctgctgcaatggagagaaatca
TRGC2*06,439..1005,C-REGION,gataaacaacttgatgcagatgtttcccccaagcccactatttttcttccttcgattgctgaaacaaaactccagaaggctggaacatacctttgtcttcttgagaaatttttcccagatattattaagatacattggcaagaaaagaagagcaacacgattctgggatcccaggaggggaacaccatgaagactaacgacacatacatgaaatttagctggttaacggtgccagaagagtcactggacaaagaacacagatgtatcgtcagacatgagaataataaaaacggaattgatcaagaaattatctttcctccaataaagacagatgtcaccacagtggatcccaaatacaattattcaaaggatgcaaatgatgtcatcacaatggatcccaaagacaattggtcaaaagatgcaaatgatacactactgctgcagctcacaaacacctctgcatattacacgtacctcctcctgctcctcaagagtgtggtctattttgccatcatcacctgctgtctgcttagaagaacggctttctgctgcaatggagagaaatca
TRGC2*07,1..567,C-REGION,gataaacaacttgatgcagatgtttcccccaagcccactatttttcttccttcaattgctgaaacaaaactccagaaggctggaacatacctttgtcttcttgagaaatttttcccagatattattaagatacattggcaagaaaagaagagcaacacgattctgggatcccaggaggggaacaccatgaagactaacgacacatacatgaaatttagctggttaacggtgccagaagagtcactggacaaagaacacagatgtatcgtcagacatgagaataataaaaacggaattgatcaagaaattatctttcctccaataaagacagatgtcaccacagtggatcccaaatacaattattcaaaggatgcaaatgatgtcatcacaatggatcccaaagacaattggtcaaaagatgcaaatgatacactactgctgcagctcacaaacacctctgcatattacatgtacctcctcctgctcctcaagagtgtggtctattttgccatcatcacctgctgtctgcttggaagaacggctttctgctgcaatggagagaaatca
TRGC2*08,1..564,C-REGION,gataaacaacttgatgcagatgtttcccccaagcccactatttttcttccttcgattgctgaaacaaaactccagaaggctggaacatacctttgtcttcttgagaaatttttcccagatattattaagatacattggcaagaaaagaagagcaacacgattctgggatcccaggaggggaacaccatgaagactaacgacacatacatgaaatttagctggttaacggtgccagaagagtcactggacaaagaacacagatgtatcgtcagacatgagaataataaaaacggaattgatcaagaaattatctttcctccaataaagacagatgtcaccacagtggatcccaaatacaattattcaaaggatgcaaatgatgtcatcacaatggatcccaaagacaattggtcaaaagatgcaaatgatacactactgcagctcacaaacacctctgcatattacatgtacctcctcctgctcctcaagagtgtggtctattttgccatcatcacctgctgtctgcttggaagaacggctttctgctgcaatggagagaaatca
TRBC1*01,213..599+1041..1058+1211..1317+1640..1657,EX1+EX2+EX3+EX4,aggacctgaacaaggtgttcccacccgaggtcgctgtgtttgagccatcagaagcagagatctcccacacccaaaaggccacactggtgtgcctggccacaggcttcttccccgaccacgtggagctgagctggtgggtgaatgggaaggaggtgcacagtggggtcagcacggacccgcagcccctcaaggagcagcccgccctcaatgactccagatactgcctgagcagccgcctgagggtctcggccaccttctggcagaacccccgcaaccacttccgctgtcaagtccagttctacgggctctcggagaatgacgagtggacccaggatagggccaaacccgtcacccagatcgtcagcgccgaggcctggggtagagcagactgtggctttacctcggtgtcctaccagcaaggggtcctgtctgccaccatcctctatgagatcctgctagggaaggccaccctgtatgctgtgctggtcagcgcccttgtgttgatggccatggtcaagagaaaggatttc
TRBC1*02,645749..646135+646577..646594+646747..646853+647176..647193,EX1+EX2+EX3+EX4,aggacctgaacaaggtgttcccacccgaggtcgctgtgtttgagccatcagaagcagagatctcccacacccaaaaggccacactggtgtgcctggccacaggcttcttccccgaccacgtggagctgagctggtgggtgaatgggaaggaggtgcacagtggggtcagcacagacccgcagcccctcaaggagcagcccgccctcaatgactccagatactgcctgagcagccgcctgagggtctcggccaccttctggcagaacccccgcaaccacttccgctgtcaagtccagttctacgggctctcggagaatgacgagtggacccaggatagggccaaacccgtcacccagatcgtcagcgccgaggcctggggtagagcagactgtggctttacctcggtgtcctaccagcaaggggtcctgtctgccaccatcctctatgagatcctgctagggaaggccaccctgtatgctgtgctggtcagcgcccttgtgttgatggccatggtcaagagaaaggatttc
TRBC1*03,560349..560735+561177..561194+561347..561453+561776..561793,EX1+EX2+EX3+EX4,aggacctgaacaaggtgttcccacccgaggtcgctgtgtttgagccatcagaagcagagatctcccacacccaaaaggccacactggtgtgcctggccacaggcttcttccctgaccacgtggagctgagctggtgggtgaatgggaaggaggtgcacagtggggtcagcacggacccgcagcccctcaaggagcagcccgccctcaatgactccagatactgcctgagcagccgcctgagggtctcggccaccttctggcagaacccccgcaaccacttccgctgtcaagtccagttctacgggctctcggagaatgacgagtggacccaggatagggccaaacccgtcacccagatcgtcagcgccgaggcctggggtagagcagactgtggctttacctcggtgtcctaccagcaaggggtcctgtctgccaccatcctctatgagatcctgctagggaaggccaccctgtatgctgtgctggtcagcgcccttgtgttgatggccatggtcaagagaaaggatttc
TRBC2*01,154..540+1057..1074+1218..1324+1616..1639,EX1+EX2+EX3+EX4,aggacctgaaaaacgtgttcccacccgaggtcgctgtgtttgagccatcagaagcagagatctcccacacccaaaaggccacactggtgtgcctggccacaggcttctaccccgaccacgtggagctgagctggtgggtgaatgggaaggaggtgcacagtggggtcagcacagacccgcagcccctcaaggagcagcccgccctcaatgactccagatactgcctgagcagccgcctgagggtctcggccaccttctggcagaacccccgcaaccacttccgctgtcaagtccagttctacgggctctcggagaatgacgagtggacccaggatagggccaaacctgtcacccagatcgtcagcgccgaggcctggggtagagcagactgtggcttcacctccgagtcttaccagcaaggggtcctgtctgccaccatcctctatgagatcttgctagggaaggccaccttgtatgccgtgctggtcagtgccctcgtgctgatggccatggtcaagagaaaggattccagaggc
TRBC2*02,655095..655481+655998..656015+656159..656265+656557..656580,EX1+EX2+EX3+EX4,aggacctgaaaaacgtgttcccacccgaggtcgctgtgtttgagccatcagaagcagagatctcccacacccaaaaggccacactggtatgcctggccacaggcttctaccccgaccacgtggagctgagctggtgggtgaatgggaaggaggtgcacagtggggtcagcacagacccgcagcccctcaaggagcagcccgccctcaatgactccagatactgcctgagcagccgcctgagggtctcggccaccttctggcagaacccccgcaaccacttccgctgtcaagtccagttctacgggctctcggagaatgacgagtggacccaggatagggccaaacccgtcacccagatcgtcagcgccgaggcctggggtagagcagactgtggcttcacctccgagtcttaccagcaaggggtcctgtctgccaccatcctctatgagatcttgctagggaaggccaccttgtatgccgtgctggtcagtgccctcgtgctgatggccatggtcaagagaaaggattccagaggc
TRBC2*03,569696..570082+570599..570616+570760..570866+571158..571181,EX1+EX2+EX3+EX4,aggacctgaaaaacgtgttcccacccaaggtcgctgtgtttgagccatcagaagcagagatctcccacacccaaaaggccacactggtgtgcctggccacaggcttctaccccgaccacgtggagctgagctggtgggtgaatgggaaggaggtgcacagtggggtcagcacagacccgcagcccctcaaggagcagcccgccctcaatgactccagatactgcctgagcagccgcctgagggtctcggccaccttctggcagaacccccgcaaccacttccgctgtcaagtccagttctacgggctctcggagaatgacgagtggacccaggatagggccaaacctgtcacccagatcgtcagcgccgaggcctggggtagagcagactgtggcttcacctccgagtcttaccagcaaggggtcctgtctgccaccatcctctatgagatcttgctagggaaggccaccttgtatgccgtgctggtcagtgccctcgtgctgatggccatggtcaagagaaaggattccagaggc
TRAC*01,273..545+2408..2452+3324..3431,EX1+EX2+EX3,atatccagaaccctgaccctgccgtgtaccagctgagagactctaaatccagtgacaagtctgtctgcctattcaccgattttgattctcaaacaaatgtgtcacaaagtaaggattctgatgtgtatatcacagacaaaactgtgctagacatgaggtctatggacttcaagagcaacagtgctgtggcctggagcaacaaatctgactttgcatgtgcaaacgccttcaacaacagcattattccagaagacaccttcttccccagcccagaaagttcctgtgatgtcaagctggtcgagaaaagctttgaaacagatacgaacctaaactttcaaaacctgtcagtgattgggttccgaatcctcctcctgaaagtggccgggtttaatctgctcatgacgctgcggctgtggtccagctgag
TRDC*01,,EX1+EX2+EX3,gaagtcagcctcataccaaaccatccgtttttgtcatgaaaaatggaacaaatgtcgcttgtctggtgaaggaattctaccccaaggatataagaataaatctcgtgtcatccaagaagataacagagtttgatcctgctattgtcatctctcccagtgggaagtacaatgctgtcaagcttggtaaatatgaagattcaaattcagtgacatgttcagttcaacacgacaataaaactgtgcactccactgactttgaagtgaagacagattctacagatcacgtaaaaccaaaggaaactgaaaacacaaagcaaccttcaaagagctgccataaacccaaagccatagttcataccgagaaggtgaacatgatgtccctcacagtgcttgggctacgaatgctgtttgcaaagactgttgccgtcaattttctcttgactgccaagttatttttcttgtaag